idImage;imgRoute
1-1;src/main/webapp/img
1-2;src/main/webapp/img
1-3;src/main/webapp/img
1-4;src/main/webapp/img
1-5;src/main/webapp/img
1-6;src/main/webapp/img
1-7;src/main/webapp/img
1-8;src/main/webapp/img
1-9;src/main/webapp/img
1-10;src/main/webapp/img
2-1;src/main/webapp/img
2-2;src/main/webapp/img
2-3;src/main/webapp/img
2-4;src/main/webapp/img
2-5;src/main/webapp/img
2-6;src/main/webapp/img
2-7;src/main/webapp/img
2-8;src/main/webapp/img
2-9;src/main/webapp/img
2-10;src/main/webapp/img
3-1;src/main/webapp/img
3-2;src/main/webapp/img
3-3;src/main/webapp/img
3-4;src/main/webapp/img
3-5;src/main/webapp/img
3-6;src/main/webapp/img
3-7;src/main/webapp/img
3-8;src/main/webapp/img
3-9;src/main/webapp/img
3-10;src/main/webapp/img
4-1;src/main/webapp/img
4-2;src/main/webapp/img
4-3;src/main/webapp/img
4-4;src/main/webapp/img
4-5;src/main/webapp/img
4-6;src/main/webapp/img
4-7;src/main/webapp/img
4-8;src/main/webapp/img
4-9;src/main/webapp/img
4-10;src/main/webapp/img
5-1;src/main/webapp/img
5-2;src/main/webapp/img
5-3;src/main/webapp/img
5-4;src/main/webapp/img
5-5;src/main/webapp/img
5-6;src/main/webapp/img
5-7;src/main/webapp/img
5-8;src/main/webapp/img
5-9;src/main/webapp/img
5-10;src/main/webapp/img
6-1;src/main/webapp/img
6-2;src/main/webapp/img
6-3;src/main/webapp/img
6-4;src/main/webapp/img
6-5;src/main/webapp/img
6-6;src/main/webapp/img
6-7;src/main/webapp/img
6-8;src/main/webapp/img
6-9;src/main/webapp/img
6-10;src/main/webapp/img
7-1;src/main/webapp/img
7-2;src/main/webapp/img
7-3;src/main/webapp/img
7-4;src/main/webapp/img
7-5;src/main/webapp/img
7-6;src/main/webapp/img
7-7;src/main/webapp/img
7-8;src/main/webapp/img
7-9;src/main/webapp/img
7-10;src/main/webapp/img
8-1;src/main/webapp/img
8-2;src/main/webapp/img
8-3;src/main/webapp/img
8-4;src/main/webapp/img
8-5;src/main/webapp/img
8-6;src/main/webapp/img
8-7;src/main/webapp/img
8-8;src/main/webapp/img
8-9;src/main/webapp/img
8-10;src/main/webapp/img
9-1;src/main/webapp/img
9-2;src/main/webapp/img
9-3;src/main/webapp/img
9-4;src/main/webapp/img
9-5;src/main/webapp/img
9-6;src/main/webapp/img
9-7;src/main/webapp/img
9-8;src/main/webapp/img
9-9;src/main/webapp/img
9-10;src/main/webapp/img
10-1;src/main/webapp/img
10-2;src/main/webapp/img
10-3;src/main/webapp/img
10-4;src/main/webapp/img
10-5;src/main/webapp/img
10-6;src/main/webapp/img
10-7;src/main/webapp/img
10-8;src/main/webapp/img
10-9;src/main/webapp/img
10-10;src/main/webapp/img
11-1;src/main/webapp/img
11-2;src/main/webapp/img
11-3;src/main/webapp/img
11-4;src/main/webapp/img
11-5;src/main/webapp/img
11-6;src/main/webapp/img
11-7;src/main/webapp/img
11-8;src/main/webapp/img
11-9;src/main/webapp/img
11-10;src/main/webapp/img
12-1;src/main/webapp/img
12-2;src/main/webapp/img
12-3;src/main/webapp/img
12-4;src/main/webapp/img
12-5;src/main/webapp/img
12-6;src/main/webapp/img
12-7;src/main/webapp/img
12-8;src/main/webapp/img
12-9;src/main/webapp/img
12-10;src/main/webapp/img
13-1;src/main/webapp/img
13-2;src/main/webapp/img
13-3;src/main/webapp/img
13-4;src/main/webapp/img
13-5;src/main/webapp/img
13-6;src/main/webapp/img
13-7;src/main/webapp/img
13-8;src/main/webapp/img
13-9;src/main/webapp/img
13-10;src/main/webapp/img
14-1;src/main/webapp/img
14-2;src/main/webapp/img
14-3;src/main/webapp/img
14-4;src/main/webapp/img
14-5;src/main/webapp/img
14-6;src/main/webapp/img
14-7;src/main/webapp/img
14-8;src/main/webapp/img
14-9;src/main/webapp/img
14-10;src/main/webapp/img
15-1;src/main/webapp/img
15-2;src/main/webapp/img
15-3;src/main/webapp/img
15-4;src/main/webapp/img
15-5;src/main/webapp/img
15-6;src/main/webapp/img
15-7;src/main/webapp/img
15-8;src/main/webapp/img
15-9;src/main/webapp/img
15-10;src/main/webapp/img